"axp.tool.apkextractor_1.apk","<java.lang.Runtime: java.lang.Process exec(java.lang.String)>"," "
"axp.tool.apkextractor_1.apk","<java.net.URL: java.net.URLConnection openConnection()>"," "
"axp.tool.apkextractor_1.apk","<java.net.URL: java.net.URLConnection openConnection()>"," "
"axp.tool.apkextractor_1.apk","<java.net.URL: java.net.URLConnection openConnection()>"," "
"axp.tool.apkextractor_1.apk","<java.net.URL: java.net.URLConnection openConnection()>"," "
"axp.tool.apkextractor_1.apk","<java.net.URL: java.net.URLConnection openConnection()>"," "
"axp.tool.apkextractor_1.apk","<java.net.URL: java.net.URLConnection openConnection()>"," "
"axp.tool.apkextractor_1.apk","<java.net.URL: java.net.URLConnection openConnection()>"," "
"axp.tool.apkextractor_1.apk","<java.net.URL: java.net.URLConnection openConnection()>"," "
"axp.tool.apkextractor_1.apk","<java.net.URL: java.net.URLConnection openConnection()>"," "
"axp.tool.apkextractor_1.apk","<java.net.URL: java.net.URLConnection openConnection()>"," "
"axp.tool.apkextractor_1.apk","<java.net.URL: java.net.URLConnection openConnection()>"," "
"axp.tool.apkextractor_1.apk","<java.net.URL: java.net.URLConnection openConnection()>"," "
"axp.tool.apkextractor_1.apk","<java.lang.reflect.Method: java.lang.Object invoke(java.lang.Object,java.lang.Object[])>"," "
"axp.tool.apkextractor_1.apk","<java.lang.reflect.Method: java.lang.Object invoke(java.lang.Object,java.lang.Object[])>"," "
"axp.tool.apkextractor_1.apk","<java.lang.reflect.Method: java.lang.Object invoke(java.lang.Object,java.lang.Object[])>"," "
"axp.tool.apkextractor_1.apk","<java.lang.reflect.Method: java.lang.Object invoke(java.lang.Object,java.lang.Object[])>"," "
"axp.tool.apkextractor_1.apk","<java.lang.reflect.Method: java.lang.Object invoke(java.lang.Object,java.lang.Object[])>"," "
"axp.tool.apkextractor_1.apk","<java.lang.reflect.Method: java.lang.Object invoke(java.lang.Object,java.lang.Object[])>"," "
"axp.tool.apkextractor_1.apk","<java.lang.reflect.Method: java.lang.Object invoke(java.lang.Object,java.lang.Object[])>"," "
"axp.tool.apkextractor_1.apk","<java.lang.reflect.Method: java.lang.Object invoke(java.lang.Object,java.lang.Object[])>"," "
"axp.tool.apkextractor_1.apk","<java.lang.reflect.Method: java.lang.Object invoke(java.lang.Object,java.lang.Object[])>"," "
"axp.tool.apkextractor_1.apk","<java.lang.reflect.Method: java.lang.Object invoke(java.lang.Object,java.lang.Object[])>"," "
"axp.tool.apkextractor_1.apk","<java.lang.reflect.Method: java.lang.Object invoke(java.lang.Object,java.lang.Object[])>"," "
"axp.tool.apkextractor_1.apk","<java.lang.reflect.Method: java.lang.Object invoke(java.lang.Object,java.lang.Object[])>"," "
"axp.tool.apkextractor_1.apk","<java.lang.reflect.Method: java.lang.Object invoke(java.lang.Object,java.lang.Object[])>"," "
"axp.tool.apkextractor_1.apk","<java.lang.reflect.Method: java.lang.Object invoke(java.lang.Object,java.lang.Object[])>"," "
"axp.tool.apkextractor_1.apk","<java.lang.reflect.Method: java.lang.Object invoke(java.lang.Object,java.lang.Object[])>"," "
"axp.tool.apkextractor_1.apk","<java.lang.reflect.Method: java.lang.Object invoke(java.lang.Object,java.lang.Object[])>"," "
"axp.tool.apkextractor_1.apk","<java.lang.reflect.Method: java.lang.Object invoke(java.lang.Object,java.lang.Object[])>"," "
"axp.tool.apkextractor_1.apk","<java.lang.reflect.Method: java.lang.Object invoke(java.lang.Object,java.lang.Object[])>"," "
"axp.tool.apkextractor_1.apk","<java.lang.reflect.Method: java.lang.Object invoke(java.lang.Object,java.lang.Object[])>"," "
"axp.tool.apkextractor_1.apk","<java.lang.reflect.Method: java.lang.Object invoke(java.lang.Object,java.lang.Object[])>"," "
"axp.tool.apkextractor_1.apk","<java.lang.reflect.Method: java.lang.Object invoke(java.lang.Object,java.lang.Object[])>"," "
"axp.tool.apkextractor_1.apk","<java.lang.reflect.Method: java.lang.Object invoke(java.lang.Object,java.lang.Object[])>"," "
"axp.tool.apkextractor_1.apk","<java.lang.reflect.Method: java.lang.Object invoke(java.lang.Object,java.lang.Object[])>"," "
"axp.tool.apkextractor_1.apk","<java.lang.reflect.Method: java.lang.Object invoke(java.lang.Object,java.lang.Object[])>"," "
"axp.tool.apkextractor_1.apk","<java.lang.reflect.Method: java.lang.Object invoke(java.lang.Object,java.lang.Object[])>"," "
"axp.tool.apkextractor_1.apk","<java.lang.reflect.Method: java.lang.Object invoke(java.lang.Object,java.lang.Object[])>"," "
"axp.tool.apkextractor_1.apk","<java.lang.reflect.Method: java.lang.Object invoke(java.lang.Object,java.lang.Object[])>"," "
"axp.tool.apkextractor_1.apk","<java.lang.reflect.Method: java.lang.Object invoke(java.lang.Object,java.lang.Object[])>"," "
"axp.tool.apkextractor_1.apk","<java.lang.reflect.Method: java.lang.Object invoke(java.lang.Object,java.lang.Object[])>"," "
"axp.tool.apkextractor_1.apk","<java.lang.reflect.Method: java.lang.Object invoke(java.lang.Object,java.lang.Object[])>"," "
"axp.tool.apkextractor_1.apk","<java.lang.reflect.Method: java.lang.Object invoke(java.lang.Object,java.lang.Object[])>"," "
"axp.tool.apkextractor_1.apk","<java.lang.reflect.Method: java.lang.Object invoke(java.lang.Object,java.lang.Object[])>"," "
"axp.tool.apkextractor_1.apk","<java.lang.reflect.Method: java.lang.Object invoke(java.lang.Object,java.lang.Object[])>"," "
"axp.tool.apkextractor_1.apk","<java.lang.reflect.Method: java.lang.Object invoke(java.lang.Object,java.lang.Object[])>"," "
"axp.tool.apkextractor_1.apk","<java.lang.reflect.Method: java.lang.Object invoke(java.lang.Object,java.lang.Object[])>"," "
"axp.tool.apkextractor_1.apk","<java.lang.reflect.Method: java.lang.Object invoke(java.lang.Object,java.lang.Object[])>"," "
"axp.tool.apkextractor_1.apk","<java.lang.reflect.Method: java.lang.Object invoke(java.lang.Object,java.lang.Object[])>"," "
"axp.tool.apkextractor_1.apk","<java.lang.reflect.Method: java.lang.Object invoke(java.lang.Object,java.lang.Object[])>"," "
"axp.tool.apkextractor_1.apk","<java.lang.reflect.Method: java.lang.Object invoke(java.lang.Object,java.lang.Object[])>"," "
"axp.tool.apkextractor_1.apk","<java.lang.reflect.Method: java.lang.Object invoke(java.lang.Object,java.lang.Object[])>"," "
"axp.tool.apkextractor_1.apk","<java.lang.reflect.Method: java.lang.Object invoke(java.lang.Object,java.lang.Object[])>"," "
"axp.tool.apkextractor_1.apk","<java.lang.reflect.Method: java.lang.Object invoke(java.lang.Object,java.lang.Object[])>"," "
"axp.tool.apkextractor_1.apk","<java.lang.Runtime: java.lang.Runtime getRuntime()>"," "
"axp.tool.apkextractor_1.apk","<java.net.URL: java.io.InputStream openStream()>"," "
"axp.tool.apkextractor_1.apk","<java.net.URL: java.io.InputStream openStream()>"," "
"axp.tool.apkextractor_1.apk","<java.net.URL: java.io.InputStream openStream()>"," "
"axp.tool.apkextractor_1.apk","<java.net.URL: java.io.InputStream openStream()>"," "
"axp.tool.apkextractor_1.apk","<java.net.URL: java.io.InputStream openStream()>"," "
"axp.tool.apkextractor_1.apk","<java.net.URL: java.io.InputStream openStream()>"," "
