"com.doomy.overflow_4.apk","<android.app.NotificationManager: void notify(int,android.app.Notification)>"," "
"com.doomy.overflow_4.apk","<android.app.NotificationManager: void notify(int,android.app.Notification)>"," "
"com.doomy.overflow_4.apk","<android.app.NotificationManager: void notify(int,android.app.Notification)>"," "
"com.doomy.overflow_4.apk","<android.app.NotificationManager: void notify(int,android.app.Notification)>"," "
"com.doomy.overflow_4.apk","<android.app.NotificationManager: void notify(int,android.app.Notification)>"," "
"com.doomy.overflow_4.apk","<android.app.NotificationManager: void notify(int,android.app.Notification)>"," "
"com.doomy.overflow_4.apk","<java.net.URL: java.io.InputStream openStream()>"," "
"com.doomy.overflow_4.apk","<java.net.URL: java.io.InputStream openStream()>"," "
"com.doomy.overflow_4.apk","<java.net.URL: java.io.InputStream openStream()>"," "
"com.doomy.overflow_4.apk","<java.net.URL: java.io.InputStream openStream()>"," "
"com.doomy.overflow_4.apk","<java.net.URL: java.io.InputStream openStream()>"," "
"com.doomy.overflow_4.apk","<java.net.URL: java.io.InputStream openStream()>"," "
"com.doomy.overflow_4.apk","<java.lang.reflect.Method: java.lang.Object invoke(java.lang.Object,java.lang.Object[])>"," "
"com.doomy.overflow_4.apk","<java.lang.reflect.Method: java.lang.Object invoke(java.lang.Object,java.lang.Object[])>"," "
"com.doomy.overflow_4.apk","<java.lang.reflect.Method: java.lang.Object invoke(java.lang.Object,java.lang.Object[])>"," "
"com.doomy.overflow_4.apk","<java.lang.reflect.Method: java.lang.Object invoke(java.lang.Object,java.lang.Object[])>"," "
"com.doomy.overflow_4.apk","<java.lang.reflect.Method: java.lang.Object invoke(java.lang.Object,java.lang.Object[])>"," "
"com.doomy.overflow_4.apk","<java.lang.reflect.Method: java.lang.Object invoke(java.lang.Object,java.lang.Object[])>"," "
"com.doomy.overflow_4.apk","<java.net.URL: java.net.URLConnection openConnection()>"," "
"com.doomy.overflow_4.apk","<java.net.URL: java.net.URLConnection openConnection()>"," "
"com.doomy.overflow_4.apk","<java.net.URL: java.net.URLConnection openConnection()>"," "
"com.doomy.overflow_4.apk","<java.net.URL: java.net.URLConnection openConnection()>"," "
"com.doomy.overflow_4.apk","<java.net.URL: java.net.URLConnection openConnection()>"," "
"com.doomy.overflow_4.apk","<java.net.URL: java.net.URLConnection openConnection()>"," "
"com.doomy.overflow_4.apk","<java.net.URL: java.net.URLConnection openConnection()>"," "
"com.doomy.overflow_4.apk","<java.net.URL: java.net.URLConnection openConnection()>"," "
"com.doomy.overflow_4.apk","<java.net.URL: java.net.URLConnection openConnection()>"," "
"com.doomy.overflow_4.apk","<java.net.URL: java.net.URLConnection openConnection()>"," "
"com.doomy.overflow_4.apk","<java.net.URL: java.net.URLConnection openConnection()>"," "
"com.doomy.overflow_4.apk","<java.net.URL: java.net.URLConnection openConnection()>"," "
"com.doomy.overflow_4.apk","<android.telephony.SmsManager: void sendTextMessage(java.lang.String,java.lang.String,java.lang.String,android.app.PendingIntent,android.app.PendingIntent)>"," "
"com.doomy.overflow_4.apk","<android.telephony.SmsManager: void sendTextMessage(java.lang.String,java.lang.String,java.lang.String,android.app.PendingIntent,android.app.PendingIntent)>"," "
