"com.zzsdt.app_060731.apk","<java.net.URL: java.io.InputStream openStream()>"," "
"com.zzsdt.app_060731.apk","<java.net.URL: java.io.InputStream openStream()>"," "
"com.zzsdt.app_060731.apk","<java.net.URL: java.io.InputStream openStream()>"," "
"com.zzsdt.app_060731.apk","<java.net.URL: java.io.InputStream openStream()>"," "
"com.zzsdt.app_060731.apk","<java.net.URL: java.io.InputStream openStream()>"," "
"com.zzsdt.app_060731.apk","<java.net.URL: java.io.InputStream openStream()>"," "
"com.zzsdt.app_060731.apk","<java.net.URL: java.io.InputStream openStream()>"," "
"com.zzsdt.app_060731.apk","<java.net.URL: java.io.InputStream openStream()>"," "
"com.zzsdt.app_060731.apk","<java.net.URL: java.net.URLConnection openConnection()>"," "
"com.zzsdt.app_060731.apk","<java.net.URL: java.net.URLConnection openConnection()>"," "
"com.zzsdt.app_060731.apk","<java.net.URL: java.net.URLConnection openConnection()>"," "
"com.zzsdt.app_060731.apk","<java.net.URL: java.net.URLConnection openConnection()>"," "
"com.zzsdt.app_060731.apk","<java.net.URL: java.net.URLConnection openConnection()>"," "
"com.zzsdt.app_060731.apk","<java.net.URL: java.net.URLConnection openConnection()>"," "
"com.zzsdt.app_060731.apk","<java.net.URL: java.net.URLConnection openConnection()>"," "
"com.zzsdt.app_060731.apk","<java.net.URL: java.net.URLConnection openConnection()>"," "
"com.zzsdt.app_060731.apk","<java.net.URL: java.net.URLConnection openConnection()>"," "
"com.zzsdt.app_060731.apk","<java.net.URL: java.net.URLConnection openConnection()>"," "
"com.zzsdt.app_060731.apk","<java.net.URL: java.net.URLConnection openConnection()>"," "
"com.zzsdt.app_060731.apk","<java.net.URL: java.net.URLConnection openConnection()>"," "
"com.zzsdt.app_060731.apk","<java.net.URL: java.net.URLConnection openConnection()>"," "
"com.zzsdt.app_060731.apk","<java.net.URL: java.net.URLConnection openConnection()>"," "
"com.zzsdt.app_060731.apk","<java.net.URL: java.net.URLConnection openConnection()>"," "
"com.zzsdt.app_060731.apk","<java.net.URL: java.net.URLConnection openConnection()>"," "
"com.zzsdt.app_060731.apk","<java.lang.Runtime: java.lang.Process exec(java.lang.String)>"," "
"com.zzsdt.app_060731.apk","<java.lang.Runtime: java.lang.Process exec(java.lang.String)>"," "
"com.zzsdt.app_060731.apk","<java.lang.Runtime: java.lang.Process exec(java.lang.String)>"," "
"com.zzsdt.app_060731.apk","<java.lang.Runtime: java.lang.Process exec(java.lang.String)>"," "
"com.zzsdt.app_060731.apk","<java.lang.Runtime: java.lang.Process exec(java.lang.String)>"," "
"com.zzsdt.app_060731.apk","<java.lang.Runtime: java.lang.Process exec(java.lang.String)>"," "
"com.zzsdt.app_060731.apk","<java.lang.Runtime: java.lang.Process exec(java.lang.String)>"," "
"com.zzsdt.app_060731.apk","<java.lang.Runtime: java.lang.Process exec(java.lang.String)>"," "
"com.zzsdt.app_060731.apk","<java.lang.Runtime: java.lang.Process exec(java.lang.String)>"," "
"com.zzsdt.app_060731.apk","<java.lang.Runtime: java.lang.Process exec(java.lang.String)>"," "
"com.zzsdt.app_060731.apk","<java.lang.Runtime: java.lang.Process exec(java.lang.String)>"," "
"com.zzsdt.app_060731.apk","<java.lang.Runtime: java.lang.Process exec(java.lang.String)>"," "
"com.zzsdt.app_060731.apk","<java.lang.Runtime: java.lang.Process exec(java.lang.String)>"," "
"com.zzsdt.app_060731.apk","<java.lang.Runtime: java.lang.Process exec(java.lang.String)>"," "
"com.zzsdt.app_060731.apk","<java.lang.Runtime: java.lang.Process exec(java.lang.String)>"," "
"com.zzsdt.app_060731.apk","<java.lang.Runtime: java.lang.Process exec(java.lang.String)>"," "
"com.zzsdt.app_060731.apk","<java.lang.Runtime: java.lang.Runtime getRuntime()>"," "
"com.zzsdt.app_060731.apk","<java.lang.Runtime: java.lang.Runtime getRuntime()>"," "
"com.zzsdt.app_060731.apk","<java.lang.Runtime: java.lang.Runtime getRuntime()>"," "
"com.zzsdt.app_060731.apk","<java.lang.Runtime: java.lang.Runtime getRuntime()>"," "
"com.zzsdt.app_060731.apk","<java.lang.Runtime: java.lang.Runtime getRuntime()>"," "
"com.zzsdt.app_060731.apk","<java.lang.Runtime: java.lang.Runtime getRuntime()>"," "
"com.zzsdt.app_060731.apk","<java.lang.Runtime: java.lang.Runtime getRuntime()>"," "
"com.zzsdt.app_060731.apk","<java.lang.Runtime: java.lang.Runtime getRuntime()>"," "
"com.zzsdt.app_060731.apk","<java.lang.Runtime: java.lang.Runtime getRuntime()>"," "
"com.zzsdt.app_060731.apk","<java.lang.Runtime: java.lang.Runtime getRuntime()>"," "
"com.zzsdt.app_060731.apk","<java.lang.Runtime: java.lang.Runtime getRuntime()>"," "
"com.zzsdt.app_060731.apk","<java.lang.Runtime: java.lang.Runtime getRuntime()>"," "
"com.zzsdt.app_060731.apk","<java.lang.Runtime: java.lang.Runtime getRuntime()>"," "
"com.zzsdt.app_060731.apk","<java.lang.Runtime: java.lang.Runtime getRuntime()>"," "
"com.zzsdt.app_060731.apk","<java.lang.Runtime: java.lang.Runtime getRuntime()>"," "
"com.zzsdt.app_060731.apk","<java.lang.Runtime: java.lang.Runtime getRuntime()>"," "
"com.zzsdt.app_060731.apk","<dalvik.system.DexClassLoader: void <init>(java.lang.String,java.lang.String,java.lang.String,java.lang.ClassLoader)>"," "
"com.zzsdt.app_060731.apk","<dalvik.system.DexClassLoader: void <init>(java.lang.String,java.lang.String,java.lang.String,java.lang.ClassLoader)>"," "
"com.zzsdt.app_060731.apk","<dalvik.system.DexClassLoader: void <init>(java.lang.String,java.lang.String,java.lang.String,java.lang.ClassLoader)>"," "
